domain,keyword,company_url
www.ats.net,AWS,https://ats.net/en/new-life-at-the-edge-of-the-cloud/
http://www.atlascopco.com/,AWS,https://www.atlascopco.com/en-us/vacuum-solutions/products/liquid-ring-vacuum-pumps-range/liquid-ring-vacuum-pumps/aws-liquid-ring-vacuum-pumps
http://www.atos.net/,AWS cloud,https://atos.net/en/events/aws-reivent-2024
http://www.aurecongroup.com/,AWS,https://www.aurecongroup.com/podcast/episodes/34
http://www.ausco.com.au/,AWS,https://ausco.com.au/blog/eastern-creek-sydneys-latest-industrial-growth-centre
http://www.asx.com.au/,AWS,https://www.asx.com.au/asxpdf/20080918/pdf/31ccqr4jq5wbfh.pdf
http://www.asx.com.au/,EC2,https://www.asx.com.au/asxpdf/20230320/pdf/45mvb621j62nxl.pdf
http://www.autoliv.com/,VPC,https://www.autoliv.com/sites/autoliv/files/pr/alv_annual_report_2000_eng.pdf
http://www.avanade.com/,AWS,https://www.avanade.com/en/insights/articles/ai-assisted-development-strategies
www.avl.com,AWS,https://www.avl.com/en/webinars/optimize-your-avl-simulation-portfolio-rescales-cloud-hpc-platform
https://www.axa-im.com/,AWS,https://www.axa-im.com/document/3513/download
http://www.azured.com.au/,AWS,https://azured.com.au/frequently-asked-questions/
https://bankaltimtara.co.id,AWS,https://www.bankaltimtara.co.id/id/bankaltim-serahkan-bantuan-ambulans-untuk-rsud-abdul-wahab-sjahranie-samarinda
https://bcstechnology.com.au/,AWS,http://staging.bcstechnology.com.au/about-us/partners/
https://www.bechtel.com/regions/australia/,AWS,https://www.bechtel.com/press-releases/bechtel-receives-aws-excellence-in-welding-award-for-2015/
http://www.becode.org/,AWS cloud,https://becode.org/about-us/femmeforward/
https://www.bd.com/en-in,AWS,https://www.bd.com/content/dam/bd-assets/na/integrated-diagnostic-solutions/documents/brochure/BD-MAX-System-2087-US-0423.pdf
https://www.beiersdorf.com/about-us/beiersdorf-global,AWS,https://www.beiersdorf.com/career/jobs/def77782c1b57983b5e800badcc9ea99
http://www.benchmarkitservices.com/,Amazon EC2,https://www.benchmarkitservices.com/blog/
http://www.bespoketraining.com/,AWS,https://www.bespoketraining.com/aws-learning-paths/
http://www.beyondtechnology.net/,AWS cloud,https://beyondtechnology.net/aws-cloud-security-best-practices/
http://www.beyondtechnology.net/,IAM,https://beyondtechnology.net/aws-cloud-security-best-practices/
http://www.bicns.com/,AWS,http://www.bicns.com/community/list.do?TG=%ED%95%98%EC%9D%B4%ED%8D%BC&TPN=1
https://www.bigcommerce.com/,AWS,https://www.bigcommerce.com/articles/ecommerce/saas-vs-paas-vs-iaas/
http://www.birlasoft.com/,AWS,https://www.birlasoft.com/services/enterprise-products/aws
http://www.bisalloy.com.au/,AWS,https://www.bisalloy.com.au/app/uploads/2024/01/bisalloy-technical-guide-digital.pdf
http://www.bloomenergy.com/,AWS,https://www.bloomenergy.com/event/aws-energy-symposium/
https://www.blueconnections.com.au/,AWS cloud,https://www.blueconnections.com.au/wp-content/uploads/2020/07/Whitepaper_-_VMware_Whats_Next_for_HCI.pdf
http://www.bluescope.com/,AWS,https://www.bluescope.com/content/dam/bluescope/corporate/bluescope-com/westen-post/documents/Western%20Port%20Water%20Stewardship%20Plan.pdf
https://www.bluescope.com/,S3,https://www.bluescope.com/content/dam/bluescope/corporate/bluescope-com/illawarra/documents/2023-environmental-impact-statement-appendices.pdf
https://www.bluescope.com/our-company/where-we-are/locations,Glue,https://www.bluescope.com/content/dam/bluescope/corporate/bluescope-com/sustainability/documents/2022_BlueScope_Report_Sustainability_Report.pdf
https://www.nexionnetworks.com/,EC2,https://www.nexionnetworks.com/spot-by-netapp/
https://borderlesscs.com.au/,AWS,https://borderlesscs.com.au/cloud-security-breaches-misconfigurations-vulnerabilities/
https://borderlesscs.com.au/,Shield,https://borderlesscs.com.au/about-us/
http://www.bremmar.com.au/,AWS,https://bremmar.com.au/disruptive-technologies-in-the-engineering-industry-and-how-to-prepare-for-them/
http://www.bne.com.au/,AWS,https://www.bne.com.au/sites/default/files/docs/Brisbane-Airport-2020-Master-Plan.pdf
http://www.bms.com/,RDS,https://www.bms.com/es/archive/job-search-results/job-details.html?requisitionId=R1592033
https://bat.com/id,AWS,https://www.bat.com/sustainability-and-esg/nature
https://bat.com/id,S3,https://www.bat.com/content/dam/batcom/global/main-nav/investors-and-reporting/reporting/sustainability-reporting/BAT_Sustainability_Performance_DataBook_2024.pdf
https://www.bt.com/about,Shield,https://www.bt.com/bt-plc/assets/documents/bt-plc-financial-results/annual-reports/2018-bt-plc-annual-report.pdf
http://www.businessaspect.com.au/,AWS,https://www.businessaspect.com.au/insights/a-practical-guide-to-adopting-public-cloud-service-level-agreements/
http://www.bytebt.com/,AWS,https://www.bytebt.com/the-realities-of-ai-what-it-is-and-isnt-in-cybersecurity/
http://www.calix.com/,AWS,https://www.calix.com/blog/2024/05/what-are-platforms-and-why-are-they-so-powerful.html
http://www.cambridge.org/,Shield,https://www.cambridge.org/core/books/legality-and-accountability-of-autonomous-weapon-systems/aws/DA0EEDED54A002BBD37DC525DCDECA9E
http://www.canam.com/,AWS,https://www.canam.com/en/steel-joists-and-deck/
https://www.capcom-games.com/en-asia/,AWS,https://www.capcom-games.com/cgc/2025/ja-jp/network/
https://capsuletech.com/,S3,https://capsuletech.com/clinical-insights-manager
http://www.carel.com/,AWS,https://www.carel.com/documents/10191/0/+050001038/883ad9fb-b7d4-432a-8a06-19c54676ef76?version=1.0
http://www.cbn.com/,Shield,https://courses.cbn.com/pages/cbn-third-party-processor-information
https://www.centurylink.com/,AWS cloud,https://www.centurylink.com/aws
http://www.convera.com/,AWS,https://convera.com/data-center-migration/
http://www.chanel.com/,AWS,https://www.chanel.com/us/chanel-next-prize/2024/tolia-astakhishvili/
http://www.crru.ac.th/,AWS,https://aritc.crru.ac.th/news/detail?id=616
https://www.csc.com.tw/csc_e/gc/gro_ste_p5.html,AWS,https://www.csc.com.tw/csc_e/pd/inta/inta.html
https://www.csc.com.tw/,VPC,https://www.csc.com.tw/csc/ts/ena/pdf/no37/pages/17-Scalable%20AI%20Training%20in%20Hybrid%20Cloud%20Environments%20for%20Enhancing%20Edge%20Model%20Retraining%20Efficiency.pdf
https://www.chubb.com/,AWS,https://www.chubb.com/content/dam/chubb-sites/chubb-com/uk-en/about-us/europe-financial-information/documents/pdf/2021-esg-report-english.pdf
http://www.cleartechnologies.net/,AWS,https://www.cleartechnologies.net/searching-for-your-next-data-center-clear-technologies-can-help/
http://www.cloudreadysolutions.com.au/,EC2,https://www.cloudreadysolutions.com.au/nimesa-distributor
http://www.cloudreadysolutions.com.au/,RDS,https://www.cloudreadysolutions.com.au/nimesa-distributor
http://www.cloudcardinc.com,AWS cloud,https://www.cloudcardinc.com/jobs/senior-devops-engineer/
http://www.cloudcardinc.com,CodePipeline,https://www.cloudcardinc.com/jobs/senior-devops-engineer/
https://cloudec.com.au/,AWS,https://cloudec.com.au/finops-services/aws-cfm/
https://www.ziffdavis.com/,AWS,https://www.ziffdavis.com/about/news/stephen-bye-we-help-our-customers-serve-their-customers-better
https://www.ziffdavis.com/,Shield,https://www.ziffdavis.com/about/news/7-best-network-scanners-network-analysis-management-tools
https://www.cnnindonesia.com,AWS,https://www.cnnindonesia.com/ekonomi/20240827175540-625-1138200/telkomsel-dan-aws-tuntaskan-program-inklusi-digital-terampil-di-awan
http://www.coatesgroup.com/,AWS,https://coatesgroup.com/insights/thought-leadership/interview-coates-x-aws
https://www.ccamatil.com/id,S3,https://www.cocacolaep.com/assets/Global/Investors/2024-Annual-Report/2024-CCEP-Annual-Report-and-Form-20-F-print-version.pdf
http://www.cocacolaep.com/,AWS,https://www.cocacolaep.com/sustainability/this-is-forward/water/
http://www.cocacolaep.com/,Glue,https://www.cocacolaep.com/assets/Global/Investors/2024-Annual-Report/2024-CCEP-Annual-Report-and-Form-20-F-print-version.pdf
http://www.cogitogroup.net/,Amazon EC2,https://cogitogroup.net/pros-and-cons-of-amazon-web-services/
http://www.cogitogroup.net/,AWS,https://cogitogroup.net/pros-and-cons-of-amazon-web-services/
http://www.cohnreznick.com/,AWS,https://www.cohnreznick.com/insights/federal-agencies-relief-cyber-compliance
http://www.commend.com.au/,Shield,https://www.commend.com/de/jobs/jobs-bei-commend-in-salzburg/detail/senior-intercom-developer-position/
https://www.imperosoftware.com/,AWS,https://www.ativion.com/amazon-nova-in-eu-and-asia-pacific-announcement/
http://www.corsec.com/,AWS,https://www.corsec.com/cmvp-interim/
http://www.corsec.com/,Lambda,https://www.corsec.com/cmvp-interim/
https://www.cotelligent.com/,RDS,https://www.cotelligent.com/resources/aws-iam-comprehensive-guide-for-cloud-security-132
http://www.coursemonster.com/,AWS cloud,https://www.coursemonster.com/training-courses/aws-cloud-practitioner-essentials
http://www.coursemonster.com/,AWS Lambda,https://www.coursemonster.com/training-courses/building-streaming-data-analytics-solutions-on-aws-GK7400
http://www.cpaaustralia.com.au/,AWS,https://www.cpaaustralia.com.au/tools-and-resources/podcasts/career-skills/financial-data-simplified
http://www.cpaaustralia.com.au/,Amazon S3,https://www.cpaaustralia.com.au/-/media/corporate/allfiles/document/professional-resources/ethics/cg-fs-casestudies.pdf?la=en&rev=20e88f19dde1401daa5db44807d3c870
http://www.crown.com/,S3,https://www.crown.com/content/dam/crown/pdfs/en-us/brochures/products/allied-products-catalog.pdf
https://www.cslee.co.kr/,AWS,https://www.cslee.co.kr/performance.html
http://www.ctmps.com/,AWS,https://www.ctmps.com/solution/account-management/
http://www.cubesys.com.au/,EC2,https://www.cubesys.com.au/blog/aws-you-can-now-set-data-owner-on-your-s3-bucket
http://www.cummins.com/,AWS,https://www.cummins.com/sites/default/files/2023-10/mta-docs/installation/03_5-66733H_Rev_C.pdf
http://www.curtin.edu.my/,AWS,https://engsci.curtin.edu.my/departments/electrical-and-computer-engineering/staff/tuong-thuy-vu/
http://www.cybercx.com.au/,AWS cloud,https://cybercx.com.au/about-cybercx/aws/
http://www.cybercx.com.au/,WAF,https://cybercx.com.au/about-cybercx/aws-security-and-compliance/
http://www.daolts.co.kr/,AWS,https://www.daolts.co.kr/en/boards/newsdetail/100034
https://www.3ds.com/about/company/office-locations/japan,IAM,https://www.3ds.com/support/cloud/frequently-asked-questions
http://www.data3.com/,S3,https://www.data3.com/wp-content/uploads/2025/05/Data3-Azure-Cloud-for-Modernization-of-Apps-Data-and-AI-Suva.pdf
http://www.datamossa.com/,AWS,https://status.datamossa.com/
http://www.datamossa.com/,CloudFront,https://status.datamossa.com/
http://www.datcom.com.au/,IAM,https://datcom.com.au/blog/cloud-security-and-penetration-testing
http://www.dbschenker.com/,AWS,https://www.dbschenker.com/tscnanjing-en/news/tsc-news/-success-story-how-to-run-devops-tips-from-tsc-nanjing-webclaims-669266
http://www.defenxor.com/,S3,https://www.defenxor.com/en/blog/cara-identifikasi-misconfiguration-aws-s3-bucket-lakukan-segera-untuk-mengamankan-aset-anda-2/
http://www.dentsplysirona.com/,AWS,https://www.dentsplysirona.com/content/dam/master/regions-countries/north-america/campaigns-promotions/2020/infection-prevention/PRE-Brochure-Infection-Control-V7.pdf.coredownload.pdf
http://www.education.gov.au/,AWS,https://www.education.gov.au/newsroom/articles/swinburne-university-celebrates-graduating-women
http://www.education.gov.au/,RDS,https://www.education.gov.au/download/18860/draft-final-ndri-investment-plan-recommendations-investment-ndri-working-group/40093/document/pdf
https://www.dhl.com/id-id/home.html,AWS,https://www.dhl.com/content/dam/dhl/global/core/documents/pdf/glo-core-exhibition-proact-ntroduction-auto-mobility-digital.pdf
https://dialog.lk,AWS,https://www.dialog.lk/news/dialog-empowers-enterprises-with-an-unparalleled-dialog-direct-cloud-connect-service
http://www.ditgroup.jp,AWS,https://www.ditgroup.jp/english/
http://www.ditgroup.jp,CodeDeploy,https://www.ditgroup.jp/showcase/case05.html
http://www.dlapiper.com/,AWS,https://www.dlapiper.com/en/insights/publications/real-estate-gazette/real-estate-gazette-data-centers/new-zealand-data-centres-a-case-for-new-zealand
http://www.dpcomputing.com.au/,AWS,https://www.dpcomputing.com.au/newsletters/2025/2507.htm
http://www.drreddys.com/,S3,https://www.drreddys.com/cms/cms/sites/default/files/2025-06/Integrated%20Annual%20Report%202024-25.pdf
https://www.dupont.com,AWS,https://www.dupont.com/content/dam/dupont/amer/us/en/corporate/about-us/Sustainability/Dupont%202021%20GRI%20Index.pdf
http://www.dynonobel.com.au/,AWS,https://www.dynonobel.com.au/siteassets/guides/dyno_nobel_explosive_engineers_guide_2025_01_hr.pdf
http://www.dzsi.com,AWS,https://dzsi.com/news/news-releases/dzs-participates-in-o-ran-alliance-plugfest-with-mavenir-in-turin-italy/
http://www.edge.id/,AWS Elastic Beanstalk,https://edge.id/articles/types-of-cloud-computing-that-commonly-used-in-indonesia
http://www.effectual.com/,EC2,https://effectual.ai/amazon-web-services-aws/
http://www.effectual.com/,AWS,https://effectual.ai/amazon-web-services-aws/
http://www.elcom.com.au/,AWS,https://www.elcom.com.au/ArticleDocuments/32572/SabrinaReidel_AmazonAWS_CultureofInnovation.pdf.aspx
http://www.elcom.com.au/,Glue,https://www.elcom.com.au/resources/guides/intranet-best-practices
https://www.eliteacademy.id/,AWS cloud,https://www.eliteacademy.id/aws-cloud-practitioner
https://www.eliteacademy.id/,Amazon EC2,https://www.eliteacademy.id/post/mengenal-lebih-jauh-tentang-aws-dalam-dunia-cloud-engineering
http://www.endurancegroup.com/,AWS,https://www.endurancegroup.com/wp-content/uploads/2022/11/25-06-2020-Financial-Results-Q4-FY-2019-20.pdf
http://www.evolutionmining.com.au/,EC2,https://evolutionmining.com.au/wp-content/uploads/2019/03/Miners-take-their-businesses-to-the-cloud-MM-March-2019.pdf
http://www.eximbankindia.in/,AWS,https://www.eximbankindia.in/Assets/Dynamic/PDF/Tenders/Hindi/1907PTenders.pdf
http://www.fastlane.asia/,AWS cloud,https://www.fastlane.asia/certifications/amazon-web-services
http://www.fastlane.asia/,Amazon EC2,https://www.fastlane.asia/amazon-web-services
http://www.fbrice.com.au/,CodeDeploy,https://www.fbrice.com.au/ip-news-insights/lost-property-in-biotech-ip-opportunities-and-risks-in-software-and-big-data/
https://www.fhi360.org,AWS,https://www.fhi360.org/resources/aws-educate-impact-stories/
http://www.fidelity.com/,Lambda,https://www.fidelity.com/bin-public/060_www_fidelity_com/external_fcat/documents/A-guide-to-designing-a-conversational-digital-human-avatar-final.pdf
http://www.fisglobal.com/,AWS,https://www.fisglobal.com/-/media/fisglobal/files/pdf/white-paper/mbp_cloud-enabled-core-banking_white-paper.pdf
http://www.focus-s.com,WAF,https://www.focus-s.com/note/0018
http://www.frequentis.com/,EC2,https://www.frequentis.com/sites/default/files/support/2021-12/D3.1%20Report%20on%20State-of-the-Art%20of%20Relevant%20Concepts.pdf
http://www.galexia.com/,Shield,https://www.galexia.com/public/about/news/print-index.html
http://www.gehealthcare.com/,CloudFront,https://www.gehealthcare.com/products/advanced-visualization/platforms/aw-server?srsltid=AfmBOooX4eTUTqPpAv74SmyfYY0mBzdUMWwycNSa04eam9ogH5aqzf4p
http://www.gilead.com/,AWS,https://www.gilead.com/-/media/gileadcorpredesign/pdf/company/annual-esg-reports/2024-responsible-business-and-impact-report.pdf
https://gits.id/,Amazon EC2,https://gits.id/blog/aws-vs-google-cloud-mana-lebih-bagus/
www.givaudan.com,AWS,https://www.givaudan.com/files/giv-2021-cdp-questionnaire-water.pdf
https://www.gsk.com/,S3,https://www.gsk.com/media/iwxac4h1/annual-report-2023.pdf
http://www.globalwavenet.com/,AWS,https://globalwavenet.com/blog-posts/wavenet-launches-a-revolutionary-containerized-application-orchestration-platform-for-csps---ahasa-r
http://www.gnauniversity.edu.in/,AWS cloud,https://www.gnauniversity.edu.in/b-tech-in-computer-science-and-engineering-with-cloud-computing
https://www.goethe.de/ins/id/en/index.html,AWS,https://www.goethe.de/prj/sff/en/aws.html
https://www.going.cloud/,AWS,https://www.going.cloud/solutions-billing-service
http://www.goldenagri.com.sg/,AWS,https://www.goldenagri.com.sg/meet-our-women-scientists-at-smartri-who-make-agriculture-smarter/
http://www.grandtechcloud.com,AWS,https://www.grandtechcloud.com/files/file_pool/1/0K216282418976122749/Lifesize%20Cloud%20Security.pdf
http://www.groupon.com.au/,AWS,https://www.groupon.com.au/deals/alpha-academy-529
http://www.gsoftcomm.net/,EC2,https://www.gsoftcomm.net/blogs/detecting-unusual-spend-with-aws-cost-anomaly-detection/
https://www.theguardian.com/international,EC2,https://www.theguardian.com/technology/2017/feb/02/amazon-web-services-the-secret-to-the-online-retailers-future-success
https://www.gunungrajapaksi.com/,AWS,https://www.gunungrajapaksi.com/upload/public/download/SR_GGRP_FINAL_2022.pdf
https://www.haier.com/in/,AWS,https://www.haier.com/press-events/news/20220616_182530.shtml
https://www.halodoc.com/?srsltid=AfmBOooSy_aLiZxEmevTXVTl5F4Iq19o6z_VrZ9GP5SW2ge1PmBd7_Iu,AWS,https://www.halodoc.com/kesehatan/syndrome-alice-dan-wonderland-todd?srsltid=AfmBOoqV_cAsayuT5p2hAI6hNv5-LjIKKbLCbsT3coLoB_WgOi8G2z4w
http://www.hapseng.com.my/,AWS,https://www.hapseng.com.my/en/download/annualreports/consolidated/ar2016.pdf
http://www.happiestminds.com,EC2,https://www.happiestminds.com/about-us/alliance/amazon-web-services/
http://www.happiestminds.com,AWS cloud,https://www.happiestminds.com/about-us/alliance/amazon-web-services/
http://www.hays.com.au/,IAM,https://www.hays.com.au/it/online-learning/skills-development
https://www.homecredit.ph,AWS,https://www.homecredit.ph/dam/jcr:385004be-0c7a-4a38-a024-a632df50ad38/Privacy-by-Design-2024
http://www.hba.com/,AWS,https://www.hba.com/China/12680.pdf
http://www.host.sg/,AWS,https://www.host.sg/wp-content/uploads/2024/01/Stratus_Machine-Design_eBook_HMI-SCADA-3.pdf
https://www.hp.com/id-id/home.html,AWS cloud,http://www.hp.com/education/sections/cloud-courselist.html
http://www.hudson.sg/,AWS,https://www.hudson.sg/jobview/data-platform-engineer-backend/fcce9b79-fea4-4a87-8f4e-feeb5f5decc4/expired/
http://www.i-sprint.com/,IAM,https://www.i-sprint.com/sp-test/
http://www.ie.com.au,AWS,https://www.ie.com.au/insights/futureproduct-what-is-generative-ai-and-what-problem-is-it-solving
http://www.iluka.com/,AWS,https://www.iluka.com/media/qwthwp3a/s180481_sheet-4-amenity-and-environmental-quality-v1.pdf
https://imagination.com/,AWS,https://imagination.com/work/how-to-solve-tough-problems-with-aws-technology/
https://www.linkedin.com/company/imperial-brands-plc/about/,Amazon EC2,https://www.linkedin.com/company/amazon-web-services
https://www.linkedin.com/company/imperial-brands-plc/about/,AWS cloud,https://www.linkedin.com/company/amazon-web-services
https://www.indiatvnews.com/,EC2,https://www.indiatvnews.com/technology/news-new-aws-cloud-service-opens-doors-to-apple-developers-for-macs-668609
http://www.accenture.com/,AWS cloud,https://www.accenture.com/bg-en/services/cloud/aws-business-group
http://www.accenture.com/,Rekognition,https://www.accenture.com/au-en/careers/jobdetails?id=R00094521_en
https://www.airasia.com/en/gb,EC2,https://www.airasia.com/cdn/docs/common-docs/amazon-hackathon-kit-for-airasia-airvolution.pdf
https://www.infosecventures.com/,AWS,https://www.infosecventures.com/post/cybersecurity-funding-news-week-of-14-august-2023
http://www.infrontconsulting.asia/,AWS,https://infrontconsulting.asia/services-managed-it/
http://www.infrontconsulting.asia/,CodePipeline,https://infrontconsulting.asia/services-managed-it/
http://www.innovins.com,AWS Lambda,https://www.innovins.com/
https://www.inpex.com.au/,AWS,https://www.inpex.com.au/media/q3jj3ohe/0000-ah-std-60053_rev2-extreme-weather-management-standard.pdf
http://www.iare.ac.in,AWS,https://www.iare.ac.in/?q=e-governance-iare
https://www.integreon.com/,AWS,https://www.integreon.com/gen-ai-is-a-journey-not-a-sprint/
http://www.interarchbuildings.com/,AWS,https://www.interarchbuildings.com/pdf/Technical-Manual.pdf
http://www.intercloud.com/,AWS,https://www.intercloud.com/partners/aws
http://www.itlindia.com/,AWS,https://www.itlindia.com/docs/Annual_Report_2021-2022.pdf
http://www.iom.int,IAM,https://www.iom.int/sites/g/files/tmzbdl486/files/rfp_for_mimosa_nextgen_-_phase_2_dec_2020.pdf
https://www.iopex.com/,AWS,https://www.iopex.com/case-studies/aws-cost-optimization-services
https://www.iqvia.com/,AWS cloud,https://www.iqvia.com/-/media/iqvia/pdfs/us/insight-briefs/2024/driving-data-replication-initiatives.pdf
https://www.iqvia.com/,S3,https://www.iqvia.com/-/media/iqvia/pdfs/us/insight-briefs/2024/driving-data-replication-initiatives.pdf
http://www.isentia.com/,AWS,https://www.isentia.com/in-the-news/
http://www.itconvergence.com/,AWS,https://www.itconvergence.com/hybrid-cloud/
http://www.itls.io/,Amazon EC2,https://www.itls.io/amazon-web-services
http://www.itls.io/,AWS cloud,https://www.itls.io/amazon-web-services
http://www.jpmorganchase.com/,AWS,https://www.jpmorganchase.com/newsroom/stories/sairam-naragoni
http://www.jainam.in,AWS,https://www.jainam.in/artificial-intelligence-stocks-in-india/
https://www.jmfinancialservices.in/,AWS,https://www.jmfinancialservices.in/market-news-and-insights/1586812
https://www.jmfinancialservices.in/,AWS cloud,https://www.jmfinancialservices.in/market-news-and-insights/1592448
https://www.deere.com/,Shield,https://www.deere.com/assets/pdfs/region-4/industries/government-and-military-sales/contracts/price-pages/agricultural/A8_20171204.pdf
http://www.kantar.com/,Glue,https://www.kantar.com/campaigns/dimension/boosting-brand-reputation
http://www.kgieworld.co.th/,AWS,https://www.kgieworld.co.th/corporate/assets/base/pdf/wealth/Morning_Snapshot_New_7_Feb_2025_07022025.pdf
http://www.boeingdistribution.com/,AWS,https://www.boeingdistribution.com/product/HYDRAULIC+OIL/CASTROL+HYSPIN+AWS+32/CASTR0L-HYSPIN-AWS32-20LI
http://www.komatsu.com.au/,SQS,https://www.komatsu.com.au/getmedia/b1e81752-7031-4959-8584-300661c7f853/Smart-Quarry-Site-brochure.pdf
https://www.korearatings.com/eng/index.do,AWS,http://www.korearatings.com/component/webzine/670/a4.pdf
http://www.kraftheinzcompany.com/,AWS,https://www.kraftheinzcompany.com/terms_conditions_purchase/purchase_terms/Heinz%20ABC%20PO%20Terms%20%20Conditions.pdf
https://www.lg.com/in/?srsltid=AfmBOopnLMAlNPOLSjthR1UGtwP1jPy-_Nu4pLQ_O5tmAHYPLqJgEO97,AWS,https://www.lg.com/global/business/download/resources/CT00000233/CT00000233_33216.pdf
http://www.logicwireless.co.nz,AWS,https://www.logicwireless.co.nz/product/eventide-communications-nexlog-dx-series-recorders/
http://www.logicalis.com/,AWS,https://www.logicalis.com/insights/news/budget-cuts-innovation-CIOreport
http://www.lotte.co.kr,AWS,https://www.lotte.co.kr/upload/report/shopping/2021_sustainability_report_E.pdf
https://safe.security,EC2,https://docs.safe.security/docs/aws
https://docs.safe.security/,Amazon S3,https://docs.safe.security/docs/aws
http://www.mtechpro.com,VPC,https://www.mtechpro.com/marketing/newsletter/2019/oct/dyncontent/Darktrace_EISv4_including_Cyber_AI_Analyst_Customer_Brief.pdf
https://www.maersk.com/,AWS,https://www.maersk.com/~/media_sc9/maersk/news/press-releases/files/2020/06/200609-news-release-maersk-fleet-to-improve-ocean-and-climate-science.pdf
http://www.makino.com.sg/,AWS,https://www.makino.com.sg/makino-sa/media/general/Makino_Singapore_Application_Form.pdf
http://www.manildra.com.au/,AWS,https://www.manildra.com.au/documents/environmental/Odour%20Audits/Independent%20Odour%20Audit%202021%20-%20Part%202.pdf
http://www.marketsandmarkets.com,AWS,https://www.marketsandmarkets.com/ResearchInsight/cloud-computing-market.asp
http://www.marketsandmarkets.com,Lambda,https://www.marketsandmarkets.com/ResearchInsight/serverless-computing-market.asp
http://www.mathrubhumi.com,AWS,https://www.mathrubhumi.com/technology/news/aws-user-group-calicut-meet-up-ul-cyberpark-1.8422832
https://www.maybank.co.id,AWS,https://www.maybank.co.id/en/corporateinformation/CorporateGovernance/gcg-implementation-report/-/media/Downloaded%20Content/Laporan-Tata-Kelola/GCG_MBI_AR2024_ENG.pdf
https://www.maybank.co.id,Shield,https://www.maybank.co.id/-/media/Downloaded-Content/Laporan-Tahunan/Annual-Report-Maybank-Indonesia-2024.pdf
http://www.metrohm.com/,AWS,https://www.metrohm.com/de_de/legal/datenschutzerklaerung.html
http://www.milbank.com/,AWS,https://www.milbank.com/a/web/122430/Revising-Cloud-Contracts-In-Light-Of-Capital-One-Cyberattack.pdf
http://www.milbank.com/,Shield,https://www.milbank.com/a/web/160402/Alice-at-Seven-Journal-of-the-Patent-and-Trademark-Office-Societ.pdf
http://www.minfytech.com,AWS,https://www.minfytech.com/blogs/top-3-cloud-computing-trends-for-aws-customers-in-2025
http://www.minfytech.com,EC2,https://www.minfytech.com/blogs/top-3-cloud-computing-trends-for-aws-customers-in-2025
http://www.minfytech.com,S3,https://www.minfytech.com/blogs/top-3-cloud-computing-trends-for-aws-customers-in-2025
http://www.minterellison.com/,AWS,https://www.minterellison.com/articles/use-of-ai-in-the-healthcare-sector
https://www.molex.com/en-us/contact/molex-korea-distributors,AWS,https://www.molex.com/en-us/news/molex-releases-findings-of-data-center-on-wheels-global
http://www.motherson.com,Shield,https://www.motherson.com/storage/investor-presentations/2020_2021/Motherson-Investor-Meet-2020-Divisional-Presentations.pdf
https://www.movate.com/,AWS Lambda,https://www.movate.com/glossary/aws-integration-services/
http://www.microsoft.com/,AWS cloud,https://www.microsoft.com/en-us/download/details.aspx?id=56124
http://www.multisystemtechnologies.com/,AWS,https://www.multisystemtechnologies.com/software-development-3/10-essential-azure-devops-instruments-for/
http://www.murata.com/,AWS cloud,https://www.murata.com/webinars/connectivity-202105
http://www.myrepublic.net,IAM,https://myrepublic.net/sg/wp-content/uploads/sites/2/2023/01/MyRepublic-Whitepaper-3.6_new-1.pdf
https://ontoinnovation.com/,Amazon EC2,https://www.linkedin.com/company/amazon-web-services
http://www.netgear.com/,Amazon Cloud,https://www.netgear.com/pl/about/press-releases/2017/netgear-readynas-rr2304/
http://www.netrust.net,IAM,https://www.netrust.net/events/
https://netsoltech.com/,AWS,https://ir.netsoltech.com/press-releases/detail/3210/netsol-technologies-achieves-aws-foundational-technical
http://www.nfolks.com,AWS,https://nfolks.com/bi-bigdata/
http://www.nfolks.com,AWS CloudTrail,http://nfolks.com/move-to-any-cloud/
http://www.nhp.com.au/,CloudFront,https://www.nhp.com.au/products/energy-management-and-power-quality/energy-management/energy-management-solutions/carlo-gavazzi-energy-management-gateways
http://www.niit.com,AWS cloud,https://www.niit.com/india/wp-content/uploads/2025/01/Cloud-Computing.pdf
http://www.novigi.com.au,AWS,https://www.novigi.com.au/2022-1-24-cutting-the-cord-contact-centre-transformation/
https://www.nsbluescope.com/asean/,AWS,https://www.nsbluescope.com/vn/wp-content/uploads/sites/8/2022/12/bluescope-sustainability-report-2021_22.pdf
http://www.businessnsw.com/,AWS,https://www.businessnsw.com/events/on-demand-learning-hub/ai-and-new-technologies-and-what-they-mean-for-business
https://www.ntt.com,EC2,https://www.ntt.com/bizon/glossary/e-a/aws.html
https://www.ntt.com,Amazon S3,https://www.ntt.com/bizon/glossary/e-a/aws.html
http://www.nzx.com/,AWS,https://www.nzx.com/announcements/409433
http://www.oag.com/,AWS,https://www.oag.com/knowledge/checkpointing-with-azure-event-hubs
http://www.oceanagold.com/,Shield,https://careers.oceanagold.com/job/mine-maintenance-welder-in-kershaw-jid-587
http://www.offsec.com/,IAM,https://www.offsec.com/learning/paths/offensive-cloud-foundations/
https://www.ogilvy.com,AWS,https://www.ogilvy.com/ideas/amazon-brand-service-can-it-be-both
http://www.ogilvyasia.com/,AWS,https://www.ogilvy.com/ideas/amazon-brand-service-can-it-be-both
http://www.onmobile.com,AWS,https://www.onmobile.com/sites/default/files/FY-2022-Annual-Report.pdf
https://www.optisolbusiness.com/,EC2,https://www.optisolbusiness.com/wp-content/uploads/2019/08/10-things-to-know-about-aws.pdf
https://www.optisolbusiness.com/,RDS,https://www.optisolbusiness.com/wp-content/uploads/2019/08/10-things-to-know-about-aws.pdf
https://opustechglobal.com/,AWS,https://opustechglobal.com/using-aws-to-develop-compliant-secure-payment-solutions/
http://www.orioninc.com/,AWS cloud,https://www.orioninc.com/company/partnerships-alliances/amazon-web-services/
http://www.orioninc.com/,Shield,https://www.orioninc.com/company/partnerships-alliances/amazon-web-services/
http://www.ozuno.com/,AWS,https://ozuno.com/wp-content/uploads/IEL-BACnet-PICS_BS_26_09_2018.pdf
https://www.pall.com/,AWS,https://www.pall.com/content/dam/pall/pall-corp/literature-library/non-gated/purchase-terms/Standard%20Terms%20and%20Conditions%20of%20Sale-Systems-Malaysia.pdf
http://www.palo-it.com/,EC2,https://www.palo-it.com/en/blog/how-to-optimise-your-cloud-infrastructure-and-cut-costs-on-aws
http://www.paltek.co.jp,EC2,https://www.paltek.co.jp/techblog/techinfo/210909_01
http://www.panasonic.com,AWS,https://www.panasonic.com/jp/hvac/news.html
http://www.parallo.com,AWS,https://www.parallo.com/how-to-bolster-your-aws-security
https://www.payoda.com,Auto Scaling,https://www.payoda.com/devops-and-cloud-computing-building-scalable-and-robust-systems/
http://www.pega.com/,S3,https://www.pega.com/insights/resources/pegaworld-inspire-2023-aws-pega-unleashing-power-intelligent-automation-across
https://www.pharos.com/,AWS,https://www.pharos.com/products/blueprint/
https://www.pmi.com/markets/indonesia/id,AWS,https://www.pmi.com/resources/docs/default-source/romania-market-files/annual-report-2023-2024-water-management-aws.pdf?sfvrsn=265dbdc9_2
https://phintraco.com,AWS,https://phintraco.com/amati-kinerja-serverless-architecture-dengan-solusi-cloud-monitoring/
http://www.photon.com/,AWS cloud,https://www.photon.com/thinkbeyond-today-email-newsletter
http://www.pickles.com.au/,AWS,https://www.pickles.com.au/used/search/s/perth-wa---octg-drilling--completions-sale/11328?srsltid=AfmBOor2fQl_xLDfd2amEBLcZh4jBw5XkrdzB-V1OQi0Z5Ky-tlAjYOy
https://www.premier-technology.co.th/,AWS,https://www.premier-technology.co.th/document/form_56-1_18.pdf
http://www.principleone.com/,AWS,https://www.principleone.com/principle-one-opens-in-seoul/
https://www.provab.com/,AWS cloud,https://www.provab.com/travel-tech/why-should-businesses-use-aws/
https://www.maybank.co.id/,AWS,https://www.maybank.co.id/en/corporateinformation/CorporateGovernance/gcg-implementation-report/-/media/Downloaded%20Content/Laporan-Tata-Kelola/GCG_MBI_AR2024_ENG.pdf
https://www.maybank.co.id/,Shield,https://www.maybank.co.id/-/media/Downloaded-Content/Laporan-Tahunan/Annual-Report-Maybank-Indonesia-2024.pdf
http://www.btech.id/,AWS,http://www.btech.id/en/news/aws-cloud-empowering-businesses-with-scalability-flexibility-and-innovation/
http://www.deltadatamandiri.com,AWS,https://www.deltadatamandiri.com/post/mengenal-ddos-attack-dan-cara-mengatasinya
https://eranyacloud.com/id,S3,https://eranyacloud.com/en/product/cloud-monitoring-support-en/
http://www.mncgroup.com,Shield,https://www.mncgroup.com/file-mncgroup/files/mncgroup/Investor%20Relations/Laporan%20Tahunan/AR%20BHIT%202021_Website.pdf
http://www.ggs-interior.com,AWS,https://www.ggs-interior.com/uploads/reports_46/103/annual-report-2021.pdf
https://www.icscompute.com/,S3,https://www.icscompute.com/what-is-amazon-web-service/
http://www.publicisgroupe.com/,AWS,https://www.publicisgroupe.com/en/news/press-releases/viva-technology-2019-preview
http://www.quadone.com,AWS,https://www.quadone.com/top-ai-tools-boosting-productivity-in-2025/
http://www.quinticon.com.au/,EC2,https://www.quinticon.com.au/blog/building-a-cloud-fortress
http://www.rapid7.com/,AWS cloud,https://www.rapid7.com/fundamentals/aws-cloud-security/
http://www.rasiseeds.com/,AWS,https://www.rasiseeds.com/Admin/html/horizontal-fullwidth/icon-fontawesome.html
http://www.realnetworks.com/,AWS,https://realnetworks.com/uploadedFiles/Helix/EULAs/eula-Helix-Servers.pdf
http://www.redingtongroup.com,EC2,https://redingtongroup.com/cloud/aws-startup/
http://www.renesas.com/,AWS cloud,https://www.renesas.com/en/node/1254441?srsltid=AfmBOooGTV2AY_Zv6PETYTWaOlaiLTazhHL-VEkvRQKK0TIFHFvsI92V
http://www.ricoh.co.nz,AWS,https://www.ricoh.co.nz/articles/preparing-your-storage-for-big-data-and-analytics
http://www.syndigo.com/,S3,https://content.syndigo.com/asset/bb7131fd-aad3-4756-a2d0-16b3fc34d849/original.pdf
http://www.rpggroup.com,AWS,https://www.rpggroup.com/assets/images/group-presentation/rpg-annual-investor-presentation-2024.pdf
http://www.rpggroup.com,EBS,https://www.rpggroup.com/assets/investors/pdfs/zensar-annual-report-fy241743584822.pdf
http://www.sageautomation.com,CloudFront,https://www.sageautomation.com/our-work-resource-management/collaboration-key-for-development-of-smart-recycling-solutions
http://www.sarawakenergy.com,AWS,https://www.sarawakenergy.com/assets/pdf/sustainability-reports/seb-sr2014.pdf
http://www.sbs.com.au/,AWS,https://www.sbs.com.au/news/article/how-amazon-swooped-in-to-own-cloud-services/9b710nr18
https://www.scor.com/en,EBS,https://www.scor.com/sites/default/files/ir_day_2019-presentation.pdf
http://www.servicerocket.com,AWS,https://www.servicerocket.com/legaldocs/gdpr-frequently-asked-questions-may-2018
http://www.sharekhan.com/,IAM,https://www.sharekhan.com/MediaGalary/IPODocuments/PD00042.pdf
http://www.sherpain.net/,AWS,https://www.kuipernet.com/kr/sub/kuipernet-awscloud-marketplace.html
http://www.shreecement.com,AWS,https://www.shreecement.com/uploads/cleanupload/rhipl-2019.pdf
http://www.renukasugars.com/,S3,https://renukasugars.com/pdf/scheme-of-arrangement/audited-financial-statements.pdf
https://shyammetalics.com/,AWS,https://www.shyammetalics.com/stainless-steel-demo/
http://www.sisthai.com,AWS,https://www.sisthai.com/sis/images/web_navi/EU%20PRICE/8E00435159Enterprise%20Software_2020APRIL.pdf
http://www.soft2000.com/,AWS,https://www.soft2000.com/49202
https://www.sony.co.kr/,AWS,https://www.sony.co.kr/electronics/support/laptop-pc-vpc-series/vpcea36fk/articles/00347443
http://www.sccs.com.au,VPC,https://portal.sccs.com.au/products/cisco-firepower-1140-asa-appliance-1u-remanufactured-1677718
http://www.srkay.com,AWS Lambda,https://srkay.com/preparing-your-tech-stack-for-the-new-year/
http://www.saintpaul.edu/,AWS,https://www.saintpaul.edu/wp-content/uploads/2024/05/Catalog2021-2022.pdf
http://www.stantec.com/,AWS,https://www.stantec.com/uk/ideas/content/article/2020/the-how-and-why-of-measuring-your-water-footprint
https://www.starcement.co.in/,Amazon EC2,https://www.starcement.co.in/pdf/agm/SCLAdvertismentPostdispatch.pdf
http://www.stellarinfo.com,Amazon EC2,https://www.stellarinfo.com/article/backup-raid.php?srsltid=AfmBOopVE4zzwyUYUSZ92lhv2fo-oX-e5wRH_FK-qQoHTAkCTgaIqn8T
http://www.stl.tech,AWS,https://stl.tech/global-services/data-centre-networks/
http://www.stl.tech,Auto Scaling,https://stl.tech/wp-content/uploads/2023/03/Getting-BSS-on-Cloud-Strategy-Right_Webinar_compressed.pdf
http://www.stl.tech,IAM,https://stl.tech/wp-content/uploads/2023/03/Getting-BSS-on-Cloud-Strategy-Right_Webinar_compressed.pdf
https://strandls.com/,Amazon EC2,https://venus.strandls.com/content/documents/2f9e433b-e148-4941-9965-dc3b07285444/ca66111de4264982841417db6b9b4a3e.pdf
https://strandls.com/,AWS cloud,https://venus.strandls.com/content/documents/2f9e433b-e148-4941-9965-dc3b07285444/ca66111de4264982841417db6b9b4a3e.pdf
http://www.studiotechau.com/,S3,https://www.studiotechau.com/cms/?start=30
https://www.subex.com/,AWS,https://www.subex.com/case-studies/
http://www.sulekha.com,EC2,https://www.sulekha.com/amazon-web-services-training/
http://www.sulekha.com,AWS cloud,https://www.sulekha.com/amazon-web-services-training/
https://www.suntv.in/,AWS,https://www.suntv.in/pdf/Finance/Unaudited_Financial_Results_for_the_Quarter_ended_30th_sept-2019.pdf
https://www.suntv.in/,AWS,https://www.suntv.in/pdf/Finance/Unaudited_Financial_Results_for_the_Quarter_ended_30th_sept-2019.pdf
https://www.sutherlandglobal.com/,Shield,https://www.sutherlandglobal.com/services/cloud
https://www.synpulse.com/en,Fargate,https://www.synpulse.com/en/insights/cloud-trends-2020
http://www.talentinternational.com,EC2,https://www.talentinternational.com/job/aws-agentic-ai-engineer-bbbh133084_1749679423/
http://www.talentinternational.com,S3,https://www.talentinternational.com/job/aws-agentic-ai-engineer-bbbh133084_1749679423/
http://www.talentica.com/,EC2,https://www.talentica.com/blogs/aws-ecs-amazon-elastic-container-service/
http://www.talentproindia.com/,EBS,https://www.talentproindia.com/services/it-recruitment/
http://www.tatatelebusiness.com,S3,https://www.tatatelebusiness.com/case-studies/major-healthcare-service-provider-secures-aws-usage-with-secure-connect/
http://www.tbn.co.th,AWS,https://tbn.co.th/unleash-business-efficiency-low-code-mendix-aws/
https://www.teamlease.com/,AWS cloud,https://www.teamlease.com/amazon-aws-jobs
https://www.teamlease.com/,RDS,https://www.teamlease.com/amazon-aws-jobs
http://www.telanganauniversity.ac.in/,EC2,http://www.telanganauniversity.ac.in/TU/syllabus-pg/19.pdf
http://www.telanganauniversity.ac.in/,SageMaker,http://www.telanganauniversity.ac.in/TU/syllabus-pg/19.pdf
http://www.indianexpress.com,AWS,https://indianexpress.com/article/technology/tech-news-technology/amazon-loses-an-aws-generative-ai-boss-as-tech-talent-shuffle-heats-up-10091626/
http://www.indianexpress.com,Amazon EC2,https://indianexpress.com/article/technology/artificial-intelligence/aws-reinvent-2024-from-upgrades-to-amazon-bedrock-to-nova-foundation-models-key-takeaways-9705200/
https://www.manoramaonline.com/,SageMaker,https://www.manoramaonline.com/education/campus-updates/2018/12/14/machine-learning-technology-amazon.html
http://www.thewalk.au,AWS cloud,https://www.thewalk.au/our-work/sharing-customer-stories-to-showcase-the-power-of-the-aws-cloud/
https://www.philips.com.au/,AWS,https://www.philips.com.au/c-dam/b2bhc/master/hts/healthsuite/hsdp-virtual-clinical-trials.pdf
https://www.philips.com.au/,S3,https://www.philips.com.au/c-dam/b2bhc/master/hts/healthsuite/hsdp-health-cloud-strategic-playbook.pdf
https://www.thermofisher.com/in/en/home/life-science/bioproduction/gibco-bioprocessing/media-manufacturing-services.html?gclid=Cj0KCQjwkN--BhDkARIsAD_mnIp_HUczB7dLIBIb2iLhjHdbc0pa7Ly1VnJ7aear224afKq4z2Afk1saAvAXEALw_wcB&cid=bpd_cct_cgt_r01_co_cp1494_pjt9294_col000000_0se_gaw_rs_awa_kt_s00_COF&ef_id=Cj0KCQjwkN--BhDkARIsAD_mnIp_HUczB7dLIBIb2iLhjHdbc0pa7Ly1VnJ7aear224afKq4z2Afk1saAvAXEALw_wcB:G:s&s_kwcid=AL!3652!3!713476762791!b!!g!!thermo%20fisher%20media!21701325515!168435202698&gad_source=1,S3,https://www.thermofisher.com/us/en/home/products-and-services/promotions/industrial/samplemanager-lims-software-cloud-services.html
http://www.thinkpalm.com,AWS,https://thinkpalm.com/blogs/what-is-aws-iot-and-how-is-it-enhancing-business-operations/
https://thinksys.com/,AWS,https://thinksys.com/aws/azure-and-aws-business-enabler/
https://thinksys.com/,Amazon RDS,https://thinksys.com/aws/serverless-computing-with-aws-azure-google-cloud/
http://www.tlconsulting.com.au,AWS,https://tlconsulting.com.au/blogs/top-cloud-plays-in-2023-unlocking-innovation-and-agility/
http://www.tlconsulting.com.au,Lambda,https://tlconsulting.com.au/blogs/top-cloud-plays-in-2023-unlocking-innovation-and-agility/
https://www.tel.co.jp/,AWS,https://www.tel.co.jp/museum/magazine/intractable/report01_03/03.html
https://toss.im/en,AWS,https://toss.im/tossfeed/article/amzn-advertisement-business
http://www.trangile.com,EBS,https://trangile.com/2024/10/07/all-you-need-to-know-about-cloud-computing-and-cloud-storage/
http://www.tribalgroup.com/,EBS,https://www.tribalgroup.com/investors/governance/delivering-growth
https://www.tribunnews.com/,S3,https://www.tribunnews.com/new-economy/2025/04/18/terjadi-gangguan-sistem-aws-sebagian-operasional-platform-investasi-kripto-ikut-terdampak
https://tridiagonal.com/,AWS,https://tridiagonal.com/events/webinar/pharma-manufacturing-with-aws-iot
http://www.trueidc.com,Amazon EC2,https://www.trueidc.com/en/service/6/Amazon-Web-Services-Cloud
https://www.trueidc.com/,AWS cloud,https://www.trueidc.com/en/service/6/Amazon-Web-Services-Cloud
http://www.unescap.org/,Amazon EC2,https://www.unescap.org/sites/default/d8files/event-documents/4-1_Accelerating%20Digital%20Transformation%20with%20Cloud%20Computing_Ms.%20Natasha%20Beschorner.pdf
http://www.unescap.org/,AWS cloud,https://www.unescap.org/sites/default/d8files/event-documents/4-1_Accelerating%20Digital%20Transformation%20with%20Cloud%20Computing_Ms.%20Natasha%20Beschorner.pdf
https://www.cocolife.com/,AWS,https://www.cocolife.com/wp-content/uploads/2024/02/11_COCOLIFE-Global-Consumer-Trends-Investment-Fund-NOVEMBER-2023.pdf
http://www.unitedlex.com/,AWS cloud,https://unitedlex.com/insights/putting-chatgpt-to-the-patent-analysis-test/
http://www.upertis.ac.id/,AWS,http://repo.upertis.ac.id/1782/1/Clean-In-Place%20for%20Biopharmaceutical%20Processes.pdf
http://www.upm.com/,AWS,https://www.upm.com/siteassets/asset/investors/2011/upmannualreport2011.pdf
https://www.lgt.com/global-en,AWS,https://www.lgt.com/global-en/market-assessments/market-view/when-10-000-000-000-000-000-000-000-000-000-000-years-become-five-minutes-248522
http://www.valuelabs.com,Shield,https://www.valuelabs.com/partners/aws/
http://www.veritas.com/,Amazon EC2,https://www.veritas.com/solution/amazon-web-services
https://www.veritas.com/,AWS cloud,https://www.veritas.com/solution/amazon-web-services
https://www.vertexplus.com/,Shield,https://www.vertexplus.com/blog/emerging-iot-technologies-you-need-to-know
https://www.vertiv.com/,AWS cloud,https://www.vertiv.com/globalassets/products/monitoring-control-and-management/software/turning-your-data-center-into-a-strategic-asset.pdf
https://virtualtechgurus.com,EC2,https://virtualtechgurus.com/aws-cloud-management-tools/
http://visionet.co.id/,EC2,https://www.visionet.co.id/articles/must-know-these-are-the-advantages-of-aws-cloud-for-business/
http://visionet.co.id/,AWS,https://www.visionet.co.id/articles/must-know-these-are-the-advantages-of-aws-cloud-for-business/
http://www.vitarich.com/,AWS,https://vitarich.com/wp-content/uploads/2020/10/GIS-2020.pdf
https://www.vwfs.com.au/,S3,https://www.vwfs.com/content/dam/bluelabel/valid/www-vwfs-com/investor-relations/vwfs-ag/asset-backed-securities/volkswagen-d-ieteren-finance-sa-/driver-belgium-master/Driver%20Belgium%20Master%20-%20Base%20Prospectus.pdf
https://www.emergys.com/,S3,https://www.emergys.com/blog/migrating-data-from-amazon-redshift-to-snowflake/
https://www.veltris.com/,EC2,https://www.veltris.com/blogs/everything-you-need-to-know-about-aws-cloud-computing/
https://www.globalwavenet.com/,AWS,https://globalwavenet.com/blog-posts/wavenet-launches-a-revolutionary-containerized-application-orchestration-platform-for-csps---ahasa-r
https://www.westpac.com.au/about-westpac/global-locations/westpac-in-asia/,Shield,https://www.westpac.com.au/business-banking/transaction-accounts/business-one-plus/partner-offers/
http://www.whizlabs.com,EC2,https://www.whizlabs.com/aws-certifications/
https://www.wiseguyreports.com,AWS,https://www.wiseguyreports.com/reports/automotive-winches-system-aws-market
https://www.wiseguyreports.com,Amazon DynamoDB,https://www.wiseguyreports.com/reports/cloud-native-database-market
http://www.x-team.com,AWS,https://x-team.com/magazine/aws-mistakes-to-avoid
https://x-team.com/,S3,https://x-team.com/magazine/aws-mistakes-to-avoid
https://xebia.com/,AWS,https://website.xebia.com/digital-transformation/cloud/amazon-web-services/
http://www.yancoal.com.au,AWS,https://www.yancoal.com.au/wp-content/uploads/2024/10/Austar-Stage-3-EA-Appendix-17-Air-Quality.pdf
http://www.yuanta.co.th,AWS,https://www.yuanta.co.th/blog/stock/5-outstanding-stocks-from-foreign-stock-markets
http://www.zdnet.co.kr,S3,https://zdnet.co.kr/view/?no=20240802135305
http://www.zerto.com/,EC2,https://www.zerto.com/myzerto/forums/forum/amazon-aws/
http://www.zerto.com/,S3,https://www.zerto.com/myzerto/forums/forum/amazon-aws/
